<?xml version="1.0" encoding="UTF-8"?>
<project-private xmlns="http://www.netbeans.org/ns/project-private/1">
    <editor-bookmarks xmlns="http://www.netbeans.org/ns/editor-bookmarks/2" lastBookmarkId="0"/>
    <open-files xmlns="http://www.netbeans.org/ns/projectui-open-files/2">
        <group>
            <file>file:/C:/Users/MUHSIN/Documents/NetBeansProjects/LAB_LOG/src/lab_log/LAB_LOG.java</file>
            <file>file:/C:/Users/MUHSIN/Documents/NetBeansProjects/LAB_LOG/src/lab_log/createlab.java</file>
            <file>file:/C:/Users/MUHSIN/Documents/NetBeansProjects/LAB_LOG/src/lab_log/input.java</file>
            <file>file:/C:/Users/MUHSIN/Documents/NetBeansProjects/LAB_LOG/src/lab_log/edit.java</file>
            <file>file:/C:/Users/MUHSIN/Documents/NetBeansProjects/LAB_LOG/src/lab_log/studentsdata.java</file>
            <file>file:/C:/Users/MUHSIN/Documents/NetBeansProjects/LAB_LOG/src/lab_log/labout.java</file>
            <file>file:/C:/Users/MUHSIN/Documents/NetBeansProjects/LAB_LOG/src/lab_log/laboutput.java</file>
            <file>file:/C:/Users/MUHSIN/Documents/NetBeansProjects/LAB_LOG/src/lab_log/login.java</file>
        </group>
    </open-files>
</project-private>
